<ArrayOfBlTableTeam xmlns:i="http://www.w3.org/2001/XMLSchema-instance" xmlns="http://schemas.datacontract.org/2004/07/OLDB.Spa.Models.Api"><BlTableTeam><Draw>4</Draw><Goals>80</Goals><Lost>2</Lost><Matches>34</Matches><OpponentGoals>17</OpponentGoals><Points>88</Points><ShortName>Bayern</ShortName><TeamIconUrl>https://i.imgur.com/jJEsJrj.png</TeamIconUrl><TeamInfoId>40</TeamInfoId><TeamName>FC Bayern München</TeamName><Won>28</Won></BlTableTeam><BlTableTeam><Draw>6</Draw><Goals>82</Goals><Lost>4</Lost><Matches>34</Matches><OpponentGoals>34</OpponentGoals><Points>78</Points><ShortName>BVB</ShortName><TeamIconUrl>https://upload.wikimedia.org/wikipedia/commons/thumb/6/67/Borussia_Dortmund_logo.svg/560px-Borussia_Dortmund_logo.svg.png</TeamIconUrl><TeamInfoId>7</TeamInfoId><TeamName>Borussia Dortmund</TeamName><Won>24</Won></BlTableTeam><BlTableTeam><Draw>6</Draw><Goals>56</Goals><Lost>10</Lost><Matches>34</Matches><OpponentGoals>40</OpponentGoals><Points>60</Points><ShortName>Leverkusen</ShortName><TeamIconUrl>https://upload.wikimedia.org/wikipedia/de/thumb/f/f7/Bayer_Leverkusen_Logo.svg/1200px-Bayer_Leverkusen_Logo.svg.png</TeamIconUrl><TeamInfoId>6</TeamInfoId><TeamName>Bayer Leverkusen</TeamName><Won>18</Won></BlTableTeam><BlTableTeam><Draw>4</Draw><Goals>67</Goals><Lost>13</Lost><Matches>34</Matches><OpponentGoals>50</OpponentGoals><Points>55</Points><ShortName>Gladbach</ShortName><TeamIconUrl>https://i.imgur.com/KSIk0Eu.png</TeamIconUrl><TeamInfoId>87</TeamInfoId><TeamName>Borussia Mönchengladbach</TeamName><Won>17</Won></BlTableTeam><BlTableTeam><Draw>7</Draw><Goals>51</Goals><Lost>12</Lost><Matches>34</Matches><OpponentGoals>49</OpponentGoals><Points>52</Points><ShortName>Schalke</ShortName><TeamIconUrl>https://upload.wikimedia.org/wikipedia/commons/6/6d/FC_Schalke_04_Logo.svg</TeamIconUrl><TeamInfoId>9</TeamInfoId><TeamName>FC Schalke 04</TeamName><Won>15</Won></BlTableTeam><BlTableTeam><Draw>8</Draw><Goals>46</Goals><Lost>12</Lost><Matches>34</Matches><OpponentGoals>42</OpponentGoals><Points>50</Points><ShortName>Mainz</ShortName><TeamIconUrl>https://upload.wikimedia.org/wikipedia/commons/thumb/9/9e/Logo_Mainz_05.svg/1200px-Logo_Mainz_05.svg.png</TeamIconUrl><TeamInfoId>81</TeamInfoId><TeamName>1. FSV Mainz 05</TeamName><Won>14</Won></BlTableTeam><BlTableTeam><Draw>8</Draw><Goals>42</Goals><Lost>12</Lost><Matches>34</Matches><OpponentGoals>42</OpponentGoals><Points>50</Points><ShortName>Hertha</ShortName><TeamIconUrl>https://i.imgur.com/apFwbYZ.png</TeamIconUrl><TeamInfoId>54</TeamInfoId><TeamName>Hertha BSC</TeamName><Won>14</Won></BlTableTeam><BlTableTeam><Draw>9</Draw><Goals>47</Goals><Lost>13</Lost><Matches>34</Matches><OpponentGoals>49</OpponentGoals><Points>45</Points><ShortName>Wolfsburg</ShortName><TeamIconUrl>https://i.imgur.com/ucqKV4B.png</TeamIconUrl><TeamInfoId>131</TeamInfoId><TeamName>VfL Wolfsburg</TeamName><Won>12</Won></BlTableTeam><BlTableTeam><Draw>13</Draw><Goals>38</Goals><Lost>11</Lost><Matches>34</Matches><OpponentGoals>42</OpponentGoals><Points>43</Points><ShortName>Köln</ShortName><TeamIconUrl>https://upload.wikimedia.org/wikipedia/en/thumb/5/53/FC_Cologne_logo.svg/1200px-FC_Cologne_logo.svg.png</TeamIconUrl><TeamInfoId>65</TeamInfoId><TeamName>1. FC Köln</TeamName><Won>10</Won></BlTableTeam><BlTableTeam><Draw>8</Draw><Goals>40</Goals><Lost>15</Lost><Matches>34</Matches><OpponentGoals>46</OpponentGoals><Points>41</Points><ShortName>HSV</ShortName><TeamIconUrl>https://upload.wikimedia.org/wikipedia/commons/f/f7/Hamburger_SV_logo.svg</TeamIconUrl><TeamInfoId>100</TeamInfoId><TeamName>Hamburger SV</TeamName><Won>11</Won></BlTableTeam><BlTableTeam><Draw>10</Draw><Goals>33</Goals><Lost>14</Lost><Matches>34</Matches><OpponentGoals>42</OpponentGoals><Points>40</Points><ShortName>Ingolstadt</ShortName><TeamIconUrl>https://upload.wikimedia.org/wikipedia/de/thumb/5/55/FC-Ingolstadt_logo.svg/125px-FC-Ingolstadt_logo.svg.png</TeamIconUrl><TeamInfoId>171</TeamInfoId><TeamName>FC Ingolstadt 04</TeamName><Won>10</Won></BlTableTeam><BlTableTeam><Draw>11</Draw><Goals>42</Goals><Lost>14</Lost><Matches>34</Matches><OpponentGoals>52</OpponentGoals><Points>38</Points><ShortName>Augsburg</ShortName><TeamIconUrl>https://i.imgur.com/sdE62e2.png</TeamIconUrl><TeamInfoId>95</TeamInfoId><TeamName>FC Augsburg</TeamName><Won>9</Won></BlTableTeam><BlTableTeam><Draw>8</Draw><Goals>50</Goals><Lost>16</Lost><Matches>34</Matches><OpponentGoals>65</OpponentGoals><Points>38</Points><ShortName>Bremen</ShortName><TeamIconUrl>https://upload.wikimedia.org/wikipedia/commons/thumb/b/be/SV-Werder-Bremen-Logo.svg/681px-SV-Werder-Bremen-Logo.svg.png</TeamIconUrl><TeamInfoId>134</TeamInfoId><TeamName>Werder Bremen</TeamName><Won>10</Won></BlTableTeam><BlTableTeam><Draw>11</Draw><Goals>38</Goals><Lost>14</Lost><Matches>34</Matches><OpponentGoals>53</OpponentGoals><Points>38</Points><ShortName>Darmstadt</ShortName><TeamIconUrl>https://upload.wikimedia.org/wikipedia/commons/e/e5/SV_Darmstadt_98_Logo.svg</TeamIconUrl><TeamInfoId>118</TeamInfoId><TeamName>SV Darmstadt 98</TeamName><Won>9</Won></BlTableTeam><BlTableTeam><Draw>10</Draw><Goals>39</Goals><Lost>15</Lost><Matches>34</Matches><OpponentGoals>54</OpponentGoals><Points>37</Points><ShortName>Hoffenheim</ShortName><TeamIconUrl>https://i.imgur.com/gF0PfEl.png</TeamIconUrl><TeamInfoId>175</TeamInfoId><TeamName>TSG 1899 Hoffenheim</TeamName><Won>9</Won></BlTableTeam><BlTableTeam><Draw>9</Draw><Goals>34</Goals><Lost>16</Lost><Matches>34</Matches><OpponentGoals>52</OpponentGoals><Points>36</Points><ShortName>Frankfurt</ShortName><TeamIconUrl>https://i.imgur.com/X8NFkOb.png</TeamIconUrl><TeamInfoId>91</TeamInfoId><TeamName>Eintracht Frankfurt</TeamName><Won>9</Won></BlTableTeam><BlTableTeam><Draw>6</Draw><Goals>50</Goals><Lost>19</Lost><Matches>34</Matches><OpponentGoals>75</OpponentGoals><Points>33</Points><ShortName>Stuttgart</ShortName><TeamIconUrl>https://i.imgur.com/v0tkpNx.png</TeamIconUrl><TeamInfoId>16</TeamInfoId><TeamName>VfB Stuttgart</TeamName><Won>9</Won></BlTableTeam><BlTableTeam><Draw>4</Draw><Goals>31</Goals><Lost>23</Lost><Matches>34</Matches><OpponentGoals>62</OpponentGoals><Points>25</Points><ShortName>Hannover</ShortName><TeamIconUrl>https://upload.wikimedia.org/wikipedia/commons/c/cd/Hannover_96_Logo.svg</TeamIconUrl><TeamInfoId>55</TeamInfoId><TeamName>Hannover 96</TeamName><Won>7</Won></BlTableTeam></ArrayOfBlTableTeam>