<ArrayOfBlTableTeam xmlns:i="http://www.w3.org/2001/XMLSchema-instance" xmlns="http://schemas.datacontract.org/2004/07/OLDB.Spa.Models.Api"><BlTableTeam><Draw>4</Draw><Goals>100</Goals><Lost>4</Lost><Matches>34</Matches><OpponentGoals>32</OpponentGoals><Points>82</Points><ShortName>Bayern</ShortName><TeamIconUrl>https://i.imgur.com/jJEsJrj.png</TeamIconUrl><TeamInfoId>40</TeamInfoId><TeamName>FC Bayern München</TeamName><Won>26</Won></BlTableTeam><BlTableTeam><Draw>6</Draw><Goals>84</Goals><Lost>7</Lost><Matches>34</Matches><OpponentGoals>41</OpponentGoals><Points>69</Points><ShortName>BVB</ShortName><TeamIconUrl>https://upload.wikimedia.org/wikipedia/commons/thumb/6/67/Borussia_Dortmund_logo.svg/560px-Borussia_Dortmund_logo.svg.png</TeamIconUrl><TeamInfoId>7</TeamInfoId><TeamName>Borussia Dortmund</TeamName><Won>21</Won></BlTableTeam><BlTableTeam><Draw>12</Draw><Goals>81</Goals><Lost>4</Lost><Matches>34</Matches><OpponentGoals>37</OpponentGoals><Points>66</Points><ShortName>Leipzig</ShortName><TeamIconUrl>https://i.imgur.com/Rpwsjz1.png</TeamIconUrl><TeamInfoId>1635</TeamInfoId><TeamName>RB Leipzig</TeamName><Won>18</Won></BlTableTeam><BlTableTeam><Draw>5</Draw><Goals>66</Goals><Lost>9</Lost><Matches>34</Matches><OpponentGoals>40</OpponentGoals><Points>65</Points><ShortName>Gladbach</ShortName><TeamIconUrl>https://i.imgur.com/KSIk0Eu.png</TeamIconUrl><TeamInfoId>87</TeamInfoId><TeamName>Borussia Mönchengladbach</TeamName><Won>20</Won></BlTableTeam><BlTableTeam><Draw>6</Draw><Goals>61</Goals><Lost>9</Lost><Matches>34</Matches><OpponentGoals>44</OpponentGoals><Points>63</Points><ShortName>Leverkusen</ShortName><TeamIconUrl>https://upload.wikimedia.org/wikipedia/de/thumb/f/f7/Bayer_Leverkusen_Logo.svg/1200px-Bayer_Leverkusen_Logo.svg.png</TeamIconUrl><TeamInfoId>6</TeamInfoId><TeamName>Bayer Leverkusen</TeamName><Won>19</Won></BlTableTeam><BlTableTeam><Draw>7</Draw><Goals>53</Goals><Lost>12</Lost><Matches>34</Matches><OpponentGoals>53</OpponentGoals><Points>52</Points><ShortName>Hoffenheim</ShortName><TeamIconUrl>https://i.imgur.com/gF0PfEl.png</TeamIconUrl><TeamInfoId>175</TeamInfoId><TeamName>TSG 1899 Hoffenheim</TeamName><Won>15</Won></BlTableTeam><BlTableTeam><Draw>10</Draw><Goals>48</Goals><Lost>11</Lost><Matches>34</Matches><OpponentGoals>46</OpponentGoals><Points>49</Points><ShortName>Wolfsburg</ShortName><TeamIconUrl>https://i.imgur.com/ucqKV4B.png</TeamIconUrl><TeamInfoId>131</TeamInfoId><TeamName>VfL Wolfsburg</TeamName><Won>13</Won></BlTableTeam><BlTableTeam><Draw>9</Draw><Goals>48</Goals><Lost>12</Lost><Matches>34</Matches><OpponentGoals>47</OpponentGoals><Points>48</Points><ShortName>Freiburg</ShortName><TeamIconUrl>https://i.imgur.com/r3mvi0h.png</TeamIconUrl><TeamInfoId>112</TeamInfoId><TeamName>SC Freiburg</TeamName><Won>13</Won></BlTableTeam><BlTableTeam><Draw>6</Draw><Goals>59</Goals><Lost>15</Lost><Matches>34</Matches><OpponentGoals>60</OpponentGoals><Points>45</Points><ShortName>Frankfurt</ShortName><TeamIconUrl>https://i.imgur.com/X8NFkOb.png</TeamIconUrl><TeamInfoId>91</TeamInfoId><TeamName>Eintracht Frankfurt</TeamName><Won>13</Won></BlTableTeam><BlTableTeam><Draw>8</Draw><Goals>48</Goals><Lost>15</Lost><Matches>34</Matches><OpponentGoals>59</OpponentGoals><Points>41</Points><ShortName>Hertha</ShortName><TeamIconUrl>https://i.imgur.com/apFwbYZ.png</TeamIconUrl><TeamInfoId>54</TeamInfoId><TeamName>Hertha BSC</TeamName><Won>11</Won></BlTableTeam><BlTableTeam><Draw>5</Draw><Goals>41</Goals><Lost>17</Lost><Matches>34</Matches><OpponentGoals>58</OpponentGoals><Points>41</Points><ShortName>Union Berlin</ShortName><TeamIconUrl>https://upload.wikimedia.org/wikipedia/commons/4/44/1._FC_Union_Berlin_Logo.svg</TeamIconUrl><TeamInfoId>80</TeamInfoId><TeamName>1. FC Union Berlin</TeamName><Won>12</Won></BlTableTeam><BlTableTeam><Draw>12</Draw><Goals>38</Goals><Lost>13</Lost><Matches>34</Matches><OpponentGoals>58</OpponentGoals><Points>39</Points><ShortName>Schalke</ShortName><TeamIconUrl>https://upload.wikimedia.org/wikipedia/commons/6/6d/FC_Schalke_04_Logo.svg</TeamIconUrl><TeamInfoId>9</TeamInfoId><TeamName>FC Schalke 04</TeamName><Won>9</Won></BlTableTeam><BlTableTeam><Draw>4</Draw><Goals>44</Goals><Lost>19</Lost><Matches>34</Matches><OpponentGoals>65</OpponentGoals><Points>37</Points><ShortName>Mainz</ShortName><TeamIconUrl>https://upload.wikimedia.org/wikipedia/commons/thumb/9/9e/Logo_Mainz_05.svg/1200px-Logo_Mainz_05.svg.png</TeamIconUrl><TeamInfoId>81</TeamInfoId><TeamName>1. FSV Mainz 05</TeamName><Won>11</Won></BlTableTeam><BlTableTeam><Draw>6</Draw><Goals>51</Goals><Lost>18</Lost><Matches>34</Matches><OpponentGoals>69</OpponentGoals><Points>36</Points><ShortName>Köln</ShortName><TeamIconUrl>https://upload.wikimedia.org/wikipedia/en/thumb/5/53/FC_Cologne_logo.svg/1200px-FC_Cologne_logo.svg.png</TeamIconUrl><TeamInfoId>65</TeamInfoId><TeamName>1. FC Köln</TeamName><Won>10</Won></BlTableTeam><BlTableTeam><Draw>9</Draw><Goals>45</Goals><Lost>16</Lost><Matches>34</Matches><OpponentGoals>63</OpponentGoals><Points>36</Points><ShortName>Augsburg</ShortName><TeamIconUrl>https://i.imgur.com/sdE62e2.png</TeamIconUrl><TeamInfoId>95</TeamInfoId><TeamName>FC Augsburg</TeamName><Won>9</Won></BlTableTeam><BlTableTeam><Draw>7</Draw><Goals>42</Goals><Lost>19</Lost><Matches>34</Matches><OpponentGoals>69</OpponentGoals><Points>31</Points><ShortName>Bremen</ShortName><TeamIconUrl>https://upload.wikimedia.org/wikipedia/commons/thumb/b/be/SV-Werder-Bremen-Logo.svg/681px-SV-Werder-Bremen-Logo.svg.png</TeamIconUrl><TeamInfoId>134</TeamInfoId><TeamName>Werder Bremen</TeamName><Won>8</Won></BlTableTeam><BlTableTeam><Draw>12</Draw><Goals>36</Goals><Lost>16</Lost><Matches>34</Matches><OpponentGoals>67</OpponentGoals><Points>30</Points><ShortName>Düsseldorf</ShortName><TeamIconUrl>https://upload.wikimedia.org/wikipedia/commons/thumb/9/94/Fortuna_D%C3%BCsseldorf.svg/150px-Fortuna_D%C3%BCsseldorf.svg.png</TeamIconUrl><TeamInfoId>185</TeamInfoId><TeamName>Fortuna Düsseldorf</TeamName><Won>6</Won></BlTableTeam><BlTableTeam><Draw>8</Draw><Goals>37</Goals><Lost>22</Lost><Matches>34</Matches><OpponentGoals>74</OpponentGoals><Points>20</Points><ShortName>Paderborn</ShortName><TeamIconUrl>https://upload.wikimedia.org/wikipedia/commons/e/e3/SC_Paderborn_07_Logo.svg</TeamIconUrl><TeamInfoId>31</TeamInfoId><TeamName>SC Paderborn 07</TeamName><Won>4</Won></BlTableTeam></ArrayOfBlTableTeam>