<ArrayOfBlTableTeam xmlns:i="http://www.w3.org/2001/XMLSchema-instance" xmlns="http://schemas.datacontract.org/2004/07/OLDB.Spa.Models.Api"><BlTableTeam><Draw>6</Draw><Goals>99</Goals><Lost>4</Lost><Matches>34</Matches><OpponentGoals>44</OpponentGoals><Points>78</Points><ShortName>Bayern</ShortName><TeamIconUrl>https://i.imgur.com/jJEsJrj.png</TeamIconUrl><TeamInfoId>40</TeamInfoId><TeamName>FC Bayern München</TeamName><Won>24</Won></BlTableTeam><BlTableTeam><Draw>8</Draw><Goals>60</Goals><Lost>7</Lost><Matches>34</Matches><OpponentGoals>32</OpponentGoals><Points>65</Points><ShortName>Leipzig</ShortName><TeamIconUrl>https://i.imgur.com/Rpwsjz1.png</TeamIconUrl><TeamInfoId>1635</TeamInfoId><TeamName>RB Leipzig</TeamName><Won>19</Won></BlTableTeam><BlTableTeam><Draw>4</Draw><Goals>75</Goals><Lost>10</Lost><Matches>34</Matches><OpponentGoals>46</OpponentGoals><Points>64</Points><ShortName>BVB</ShortName><TeamIconUrl>https://upload.wikimedia.org/wikipedia/commons/thumb/6/67/Borussia_Dortmund_logo.svg/560px-Borussia_Dortmund_logo.svg.png</TeamIconUrl><TeamInfoId>7</TeamInfoId><TeamName>Borussia Dortmund</TeamName><Won>20</Won></BlTableTeam><BlTableTeam><Draw>10</Draw><Goals>61</Goals><Lost>7</Lost><Matches>34</Matches><OpponentGoals>37</OpponentGoals><Points>61</Points><ShortName>Wolfsburg</ShortName><TeamIconUrl>https://i.imgur.com/ucqKV4B.png</TeamIconUrl><TeamInfoId>131</TeamInfoId><TeamName>VfL Wolfsburg</TeamName><Won>17</Won></BlTableTeam><BlTableTeam><Draw>12</Draw><Goals>69</Goals><Lost>6</Lost><Matches>34</Matches><OpponentGoals>53</OpponentGoals><Points>60</Points><ShortName>Frankfurt</ShortName><TeamIconUrl>https://i.imgur.com/X8NFkOb.png</TeamIconUrl><TeamInfoId>91</TeamInfoId><TeamName>Eintracht Frankfurt</TeamName><Won>16</Won></BlTableTeam><BlTableTeam><Draw>10</Draw><Goals>53</Goals><Lost>10</Lost><Matches>34</Matches><OpponentGoals>39</OpponentGoals><Points>52</Points><ShortName>Leverkusen</ShortName><TeamIconUrl>https://upload.wikimedia.org/wikipedia/de/thumb/f/f7/Bayer_Leverkusen_Logo.svg/1200px-Bayer_Leverkusen_Logo.svg.png</TeamIconUrl><TeamInfoId>6</TeamInfoId><TeamName>Bayer Leverkusen</TeamName><Won>14</Won></BlTableTeam><BlTableTeam><Draw>14</Draw><Goals>50</Goals><Lost>8</Lost><Matches>34</Matches><OpponentGoals>43</OpponentGoals><Points>50</Points><ShortName>Union Berlin</ShortName><TeamIconUrl>https://upload.wikimedia.org/wikipedia/commons/4/44/1._FC_Union_Berlin_Logo.svg</TeamIconUrl><TeamInfoId>80</TeamInfoId><TeamName>1. FC Union Berlin</TeamName><Won>12</Won></BlTableTeam><BlTableTeam><Draw>10</Draw><Goals>64</Goals><Lost>11</Lost><Matches>34</Matches><OpponentGoals>56</OpponentGoals><Points>49</Points><ShortName>Gladbach</ShortName><TeamIconUrl>https://i.imgur.com/KSIk0Eu.png</TeamIconUrl><TeamInfoId>87</TeamInfoId><TeamName>Borussia Mönchengladbach</TeamName><Won>13</Won></BlTableTeam><BlTableTeam><Draw>9</Draw><Goals>56</Goals><Lost>13</Lost><Matches>34</Matches><OpponentGoals>55</OpponentGoals><Points>45</Points><ShortName>Stuttgart</ShortName><TeamIconUrl>https://i.imgur.com/v0tkpNx.png</TeamIconUrl><TeamInfoId>16</TeamInfoId><TeamName>VfB Stuttgart</TeamName><Won>12</Won></BlTableTeam><BlTableTeam><Draw>9</Draw><Goals>52</Goals><Lost>13</Lost><Matches>34</Matches><OpponentGoals>52</OpponentGoals><Points>45</Points><ShortName>Freiburg</ShortName><TeamIconUrl>https://i.imgur.com/r3mvi0h.png</TeamIconUrl><TeamInfoId>112</TeamInfoId><TeamName>SC Freiburg</TeamName><Won>12</Won></BlTableTeam><BlTableTeam><Draw>10</Draw><Goals>52</Goals><Lost>13</Lost><Matches>34</Matches><OpponentGoals>54</OpponentGoals><Points>43</Points><ShortName>Hoffenheim</ShortName><TeamIconUrl>https://i.imgur.com/gF0PfEl.png</TeamIconUrl><TeamInfoId>175</TeamInfoId><TeamName>TSG 1899 Hoffenheim</TeamName><Won>11</Won></BlTableTeam><BlTableTeam><Draw>9</Draw><Goals>39</Goals><Lost>15</Lost><Matches>34</Matches><OpponentGoals>56</OpponentGoals><Points>39</Points><ShortName>Mainz</ShortName><TeamIconUrl>https://upload.wikimedia.org/wikipedia/commons/thumb/9/9e/Logo_Mainz_05.svg/1200px-Logo_Mainz_05.svg.png</TeamIconUrl><TeamInfoId>81</TeamInfoId><TeamName>1. FSV Mainz 05</TeamName><Won>10</Won></BlTableTeam><BlTableTeam><Draw>6</Draw><Goals>36</Goals><Lost>18</Lost><Matches>34</Matches><OpponentGoals>54</OpponentGoals><Points>36</Points><ShortName>Augsburg</ShortName><TeamIconUrl>https://i.imgur.com/sdE62e2.png</TeamIconUrl><TeamInfoId>95</TeamInfoId><TeamName>FC Augsburg</TeamName><Won>10</Won></BlTableTeam><BlTableTeam><Draw>11</Draw><Goals>41</Goals><Lost>15</Lost><Matches>34</Matches><OpponentGoals>52</OpponentGoals><Points>35</Points><ShortName>Hertha</ShortName><TeamIconUrl>https://i.imgur.com/apFwbYZ.png</TeamIconUrl><TeamInfoId>54</TeamInfoId><TeamName>Hertha BSC</TeamName><Won>8</Won></BlTableTeam><BlTableTeam><Draw>8</Draw><Goals>26</Goals><Lost>17</Lost><Matches>34</Matches><OpponentGoals>52</OpponentGoals><Points>35</Points><ShortName>Bielefeld</ShortName><TeamIconUrl>https://upload.wikimedia.org/wikipedia/de/thumb/e/e5/Logo_Arminia_Bielefeld.svg/2000px-Logo_Arminia_Bielefeld.svg.png</TeamIconUrl><TeamInfoId>83</TeamInfoId><TeamName>Arminia Bielefeld</TeamName><Won>9</Won></BlTableTeam><BlTableTeam><Draw>9</Draw><Goals>34</Goals><Lost>17</Lost><Matches>34</Matches><OpponentGoals>60</OpponentGoals><Points>33</Points><ShortName>Köln</ShortName><TeamIconUrl>https://upload.wikimedia.org/wikipedia/en/thumb/5/53/FC_Cologne_logo.svg/1200px-FC_Cologne_logo.svg.png</TeamIconUrl><TeamInfoId>65</TeamInfoId><TeamName>1. FC Köln</TeamName><Won>8</Won></BlTableTeam><BlTableTeam><Draw>10</Draw><Goals>36</Goals><Lost>17</Lost><Matches>34</Matches><OpponentGoals>57</OpponentGoals><Points>31</Points><ShortName>Bremen</ShortName><TeamIconUrl>https://upload.wikimedia.org/wikipedia/commons/thumb/b/be/SV-Werder-Bremen-Logo.svg/681px-SV-Werder-Bremen-Logo.svg.png</TeamIconUrl><TeamInfoId>134</TeamInfoId><TeamName>Werder Bremen</TeamName><Won>7</Won></BlTableTeam><BlTableTeam><Draw>7</Draw><Goals>25</Goals><Lost>24</Lost><Matches>34</Matches><OpponentGoals>86</OpponentGoals><Points>16</Points><ShortName>Schalke</ShortName><TeamIconUrl>https://upload.wikimedia.org/wikipedia/commons/6/6d/FC_Schalke_04_Logo.svg</TeamIconUrl><TeamInfoId>9</TeamInfoId><TeamName>FC Schalke 04</TeamName><Won>3</Won></BlTableTeam></ArrayOfBlTableTeam>